{
  "model": "linear_decay_ridge",
  "hyperparameters": {
    "l2": 1e-05,
    "tau_days": 120.0,
    "use_meta": false,
    "geo_max": 10,
    "window_size": 1
  },
  "cluster_name": "cluster_mod",
  "window_size": 1,
  "geo_max": 10,
  "geos": [
    "ARG",
    "BRA",
    "CHL",
    "COL",
    "CZE",
    "HUN",
    "IDN",
    "IND",
    "MEX",
    "MYS",
    "PER",
    "PHL",
    "POL",
    "RUS",
    "THA",
    "TUR",
    "URY",
    "USA",
    "ZAF"
  ],
  "splits": {
    "training": {
      "mae": 2165.3594601809336,
      "mse": 95216664.87765759,
      "rmse": 3504.8837532097837,
      "mape": 3001849003734.476,
      "r2": 0.9992485908082689
    },
    "testing": {
      "mae": 2855.4582026186436,
      "mse": 79257271.10261606,
      "rmse": 3195.5909102515675,
      "mape": 3005018958657.115,
      "r2": 0.9914709741233426
    },
    "validation": {
      "mae": 1169.7437164936973,
      "mse": 15872100.114889646,
      "rmse": 1442.6819541077589,
      "mape": 3002067712738.275,
      "r2": 0.9944519048895251
    }
  },
  "timestamp": "2025-11-13T06:32:17.751106Z"
}