{
  "model": "sk_mlp",
  "hyperparameters": {
    "use_meta": false,
    "hidden_layer_sizes": [
      128,
      64
    ],
    "alpha": 0.0001,
    "learning_rate_init": 0.001,
    "max_iter": 200,
    "geo_max": 15,
    "window_size": 1
  },
  "cluster_name": "cluster_min",
  "window_size": 1,
  "geo_max": 15,
  "geos": [
    "AFG",
    "BGD",
    "BOL",
    "DOM",
    "ECU",
    "EGY",
    "ETH",
    "GHA",
    "KEN",
    "KHM",
    "LAO",
    "MAR",
    "MMR",
    "MWI",
    "NGA",
    "NPL",
    "PAK",
    "SDN",
    "SEN",
    "TGO",
    "TUN",
    "UGA",
    "VEN",
    "ZMB",
    "ZWE"
  ],
  "splits": {
    "training": {
      "mae": 446.0071235178365,
      "mse": 2549827.2279171813,
      "rmse": 832.5565987382284,
      "mape": 68928619942.08179,
      "r2": -67.29218664720095
    },
    "testing": {
      "mae": 917.9360187309934,
      "mse": 6604748.530245191,
      "rmse": 1277.7086047036626,
      "mape": 79193627737.29071,
      "r2": -160.97832659019852
    },
    "validation": {
      "mae": 99.3801981079026,
      "mse": 45497.3857697874,
      "rmse": 141.9888543175201,
      "mape": 38993418873.61078,
      "r2": -3.2848389245492413
    }
  },
  "timestamp": "2025-11-13T06:31:57.321844Z"
}