{
  "model": "persistence",
  "hyperparameters": {
    "noop": null,
    "geo_max": 10,
    "window_size": 1
  },
  "cluster_name": "cluster_mod",
  "window_size": 1,
  "geo_max": 10,
  "geos": [
    "ARG",
    "BRA",
    "CHL",
    "COL",
    "CZE",
    "HUN",
    "IDN",
    "IND",
    "MEX",
    "MYS",
    "PER",
    "PHL",
    "POL",
    "RUS",
    "THA",
    "TUR",
    "URY",
    "USA",
    "ZAF"
  ],
  "splits": {
    "training": {
      "mae": 1835.1730166666669,
      "mse": 145603858.79213133,
      "rmse": 4334.121117481094,
      "mape": 0.4060237542181667,
      "r2": 0.9990550345572758
    },
    "testing": {
      "mae": 408.916875,
      "mse": 5999873.48860875,
      "rmse": 886.572832495383,
      "mape": 3125000000.726225,
      "r2": 0.9913952451771073
    },
    "validation": {
      "mae": 730.7735625,
      "mse": 8128887.474036875,
      "rmse": 1048.5862383501267,
      "mape": 0.5886746458380904,
      "r2": 0.9933949095328962
    }
  },
  "timestamp": "2025-11-13T06:32:17.545037Z"
}