{
  "model": "linear_decay_ridge",
  "hyperparameters": {
    "l2": 0.001,
    "tau_days": 120.0,
    "use_meta": true,
    "geo_max": 10,
    "window_size": 1
  },
  "cluster_name": "cluster_min",
  "window_size": 1,
  "geo_max": 10,
  "geos": [
    "AFG",
    "BGD",
    "BOL",
    "DOM",
    "ECU",
    "EGY",
    "ETH",
    "GHA",
    "KEN",
    "KHM",
    "LAO",
    "MAR",
    "MMR",
    "MWI",
    "NGA",
    "NPL",
    "PAK",
    "SDN",
    "SEN",
    "TGO",
    "TUN",
    "UGA",
    "VEN",
    "ZMB",
    "ZWE"
  ],
  "splits": {
    "training": {
      "mae": 83.71795934686666,
      "mse": 156967.86523723774,
      "rmse": 143.51641750667758,
      "mape": 72026913711.81766,
      "r2": 0.9985496802968763
    },
    "testing": {
      "mae": 172.81210066628586,
      "mse": 531085.1317005395,
      "rmse": 267.2254040919144,
      "mape": 68207550299.97291,
      "r2": 0.9977418304201382
    },
    "validation": {
      "mae": 83.79834927283645,
      "mse": 99104.9916444594,
      "rmse": 113.48362777557179,
      "mape": 73172705087.88116,
      "r2": 0.9989450941400941
    }
  },
  "timestamp": "2025-11-13T06:31:37.557001Z"
}