{
  "model": "linear_decay_ridge",
  "hyperparameters": {
    "l2": 0.001,
    "tau_days": 120.0,
    "use_meta": true,
    "geo_max": 15,
    "window_size": 1
  },
  "cluster_name": "cluster_min",
  "window_size": 1,
  "geo_max": 15,
  "geos": [
    "AFG",
    "BGD",
    "BOL",
    "DOM",
    "ECU",
    "EGY",
    "ETH",
    "GHA",
    "KEN",
    "KHM",
    "LAO",
    "MAR",
    "MMR",
    "MWI",
    "NGA",
    "NPL",
    "PAK",
    "SDN",
    "SEN",
    "TGO",
    "TUN",
    "UGA",
    "VEN",
    "ZMB",
    "ZWE"
  ],
  "splits": {
    "training": {
      "mae": 115.19147596674264,
      "mse": 253764.16572460358,
      "rmse": 181.83487685326844,
      "mape": 40702361670.84893,
      "r2": 0.9931429392487214
    },
    "testing": {
      "mae": 166.2473741602577,
      "mse": 395474.92541415844,
      "rmse": 227.03837598567597,
      "mape": 41648385725.72259,
      "r2": 0.9935506543857024
    },
    "validation": {
      "mae": 81.82569512501092,
      "mse": 108156.96285452484,
      "rmse": 119.2816882880941,
      "mape": 25516252516.292732,
      "r2": 0.9797595762706501
    }
  },
  "timestamp": "2025-11-13T06:31:56.276274Z"
}