{
  "model": "linear_window_ridge",
  "hyperparameters": {
    "l2": 0.0001,
    "use_meta": false,
    "geo_max": 15,
    "window_size": 1
  },
  "cluster_name": "cluster_mod",
  "window_size": 1,
  "geo_max": 15,
  "geos": [
    "ARG",
    "BRA",
    "CHL",
    "COL",
    "CZE",
    "HUN",
    "IDN",
    "IND",
    "MEX",
    "MYS",
    "PER",
    "PHL",
    "POL",
    "RUS",
    "THA",
    "TUR",
    "URY",
    "USA",
    "ZAF"
  ],
  "splits": {
    "training": {
      "mae": 2152.592908299847,
      "mse": 150077600.53463843,
      "rmse": 4371.398392497824,
      "mape": 75562591004.25291,
      "r2": 0.9947120554796911
    },
    "testing": {
      "mae": 1542.033631364257,
      "mse": 38199219.68822045,
      "rmse": 2219.93084934228,
      "mape": 71473670876.32755,
      "r2": 0.9751896380974755
    },
    "validation": {
      "mae": 1290.1293546349864,
      "mse": 21219684.56413488,
      "rmse": 1657.3520394355528,
      "mape": 76294734143.30562,
      "r2": 0.9988651775844752
    }
  },
  "timestamp": "2025-11-13T06:32:44.308212Z"
}