{
  "model": "torch_lstm",
  "hyperparameters": {
    "hidden": 256,
    "num_layers": 2,
    "dropout": 0.2,
    "lr": 0.001,
    "weight_decay": 0.0,
    "epochs": 20,
    "batch_size": 64,
    "use_meta": false,
    "geo_max": 10,
    "window_size": 1
  },
  "cluster_name": "cluster_mod",
  "window_size": 1,
  "geo_max": 10,
  "geos": [
    "ARG",
    "BRA",
    "CHL",
    "COL",
    "CZE",
    "HUN",
    "IDN",
    "IND",
    "MEX",
    "MYS",
    "PER",
    "PHL",
    "POL",
    "RUS",
    "THA",
    "TUR",
    "URY",
    "USA",
    "ZAF"
  ],
  "splits": {
    "training": {
      "mae": 975140.3526682509,
      "mse": 36770677787620.86,
      "rmse": 2174621.0199585087,
      "mape": 10037268990.972963,
      "r2": -1.142411207573755
    },
    "testing": {
      "mae": 165449.88922187913,
      "mse": 429160871846.5833,
      "rmse": 235882.6381621284,
      "mape": 17003940603.272242,
      "r2": -1.1051152867136644
    },
    "validation": {
      "mae": 377118.9653669364,
      "mse": 1809976040119.4148,
      "rmse": 496439.88214873004,
      "mape": 15432158254.853823,
      "r2": -1.112453369819878
    }
  },
  "timestamp": "2025-11-13T06:32:43.877833Z"
}