{
  "model": "linear_window_ridge",
  "hyperparameters": {
    "l2": 0.01,
    "use_meta": false,
    "geo_max": 10,
    "window_size": 1
  },
  "cluster_name": "cluster_min",
  "window_size": 1,
  "geo_max": 10,
  "geos": [
    "AFG",
    "BGD",
    "BOL",
    "DOM",
    "ECU",
    "EGY",
    "ETH",
    "GHA",
    "KEN",
    "KHM",
    "LAO",
    "MAR",
    "MMR",
    "MWI",
    "NGA",
    "NPL",
    "PAK",
    "SDN",
    "SEN",
    "TGO",
    "TUN",
    "UGA",
    "VEN",
    "ZMB",
    "ZWE"
  ],
  "splits": {
    "training": {
      "mae": 71.5104601010151,
      "mse": 97235.66857336219,
      "rmse": 113.07094782360863,
      "mape": 19810853341.72343,
      "r2": 0.9989825696897565
    },
    "testing": {
      "mae": 150.2187897617671,
      "mse": 456679.24287752743,
      "rmse": 248.20302454162567,
      "mape": 19304723580.7225,
      "r2": 0.9987557855352756
    },
    "validation": {
      "mae": 57.2180039205723,
      "mse": 40846.879137333126,
      "rmse": 73.31992672233,
      "mape": 20856501397.866425,
      "r2": 0.9991328464511465
    }
  },
  "timestamp": "2025-11-13T06:31:37.396865Z"
}