{
  "model": "torch_lstm",
  "hyperparameters": {
    "hidden": 256,
    "num_layers": 2,
    "dropout": 0.0,
    "lr": 0.001,
    "weight_decay": 0.0001,
    "epochs": 20,
    "batch_size": 64,
    "use_meta": false,
    "geo_max": 10,
    "window_size": 1
  },
  "cluster_name": "cluster_min",
  "window_size": 1,
  "geo_max": 10,
  "geos": [
    "AFG",
    "BGD",
    "BOL",
    "DOM",
    "ECU",
    "EGY",
    "ETH",
    "GHA",
    "KEN",
    "KHM",
    "LAO",
    "MAR",
    "MMR",
    "MWI",
    "NGA",
    "NPL",
    "PAK",
    "SDN",
    "SEN",
    "TGO",
    "TUN",
    "UGA",
    "VEN",
    "ZMB",
    "ZWE"
  ],
  "splits": {
    "training": {
      "mae": 34779.593650800685,
      "mse": 29994599410.735626,
      "rmse": 62572.34285228503,
      "mape": 22797254812.334282,
      "r2": -0.6363841436991166
    },
    "testing": {
      "mae": 50044.25528985126,
      "mse": 36544449247.273865,
      "rmse": 69288.99454917453,
      "mape": 15088607641.532993,
      "r2": -1.2254373989213765
    },
    "validation": {
      "mae": 14833.518857516754,
      "mse": 3394347345.0218887,
      "rmse": 20997.14311527445,
      "mape": 21294188686.28637,
      "r2": -0.9336160998154821
    }
  },
  "timestamp": "2025-11-13T06:31:55.854227Z"
}