{
  "model": "linear_decay_ridge",
  "hyperparameters": {
    "l2": 0.001,
    "tau_days": 120.0,
    "use_meta": false,
    "geo_max": 15,
    "window_size": 1
  },
  "cluster_name": "cluster_mod",
  "window_size": 1,
  "geo_max": 15,
  "geos": [
    "ARG",
    "BRA",
    "CHL",
    "COL",
    "CZE",
    "HUN",
    "IDN",
    "IND",
    "MEX",
    "MYS",
    "PER",
    "PHL",
    "POL",
    "RUS",
    "THA",
    "TUR",
    "URY",
    "USA",
    "ZAF"
  ],
  "splits": {
    "training": {
      "mae": 3407.0076420529517,
      "mse": 220201878.83513987,
      "rmse": 5295.14611268257,
      "mape": 2822709575254.8496,
      "r2": 0.9926221461393379
    },
    "testing": {
      "mae": 3084.1071550975644,
      "mse": 108461613.12617399,
      "rmse": 3718.9469648428762,
      "mape": 2817081241713.7847,
      "r2": 0.9678159975346614
    },
    "validation": {
      "mae": 2937.716993935663,
      "mse": 111800811.89370815,
      "rmse": 3773.838419646297,
      "mape": 2822162324305.2725,
      "r2": 0.9985766663899087
    }
  },
  "timestamp": "2025-11-13T06:32:44.903333Z"
}