{
  "model": "sk_mlp",
  "hyperparameters": {
    "use_meta": false,
    "hidden_layer_sizes": [
      128,
      64
    ],
    "alpha": 1e-05,
    "learning_rate_init": 0.0003,
    "max_iter": 200,
    "geo_max": 10,
    "window_size": 1
  },
  "cluster_name": "cluster_min",
  "window_size": 1,
  "geo_max": 10,
  "geos": [
    "AFG",
    "BGD",
    "BOL",
    "DOM",
    "ECU",
    "EGY",
    "ETH",
    "GHA",
    "KEN",
    "KHM",
    "LAO",
    "MAR",
    "MMR",
    "MWI",
    "NGA",
    "NPL",
    "PAK",
    "SDN",
    "SEN",
    "TGO",
    "TUN",
    "UGA",
    "VEN",
    "ZMB",
    "ZWE"
  ],
  "splits": {
    "training": {
      "mae": 629.9513266378365,
      "mse": 3337658.4966004095,
      "rmse": 1155.1928256016372,
      "mape": 181971996790.1123,
      "r2": -266.8396561543399
    },
    "testing": {
      "mae": 1254.1410975450935,
      "mse": 7826938.188245552,
      "rmse": 1696.514789201444,
      "mape": 218865724596.76947,
      "r2": -456.1181269291837
    },
    "validation": {
      "mae": 167.20365314364787,
      "mse": 120251.44235251943,
      "rmse": 239.07318969138504,
      "mape": 40253136435.52931,
      "r2": -25.435712777320973
    }
  },
  "timestamp": "2025-11-13T06:31:38.445486Z"
}